{
  "total_runtime": 247.46222066879272,
  "prover_time": 0.012761592864990234,
  "verifier_time": 9.036064147949219e-05,
  "proof_sizes": {
    "hyrax_avg_kb": 0.16733870967741934,
    "gkr_avg_kb": 0,
    "total_avg_kb": 0.16733870967741934,
    "total_proofs": 62
  }
}